transaction_id,timestamp,city,total,running_total_spent,purchase_rank_by_price
002ae6c6-863e-4610-ae7a-e52a517915b7,2026-01-11T15:53:52.586871Z,Murrayfurt,3793.34,3793.34,1
0110783e-3dd6-431b-ac5d-71336a2adcad,2026-01-11T15:53:50.014087Z,Cameronview,1854.48,1854.48,1
01b062c1-9aad-4234-a31d-b3457b6b911e,2026-01-11T15:53:47.710202Z,Johnsonton,1417.91,1417.91,1
01e780a0-2f18-4049-b329-b6a4de3e0557,2026-01-11T15:53:52.038355Z,Ingramhaven,-1857.78,-1857.78,1
02241f4c-d448-4f65-af18-d5e83d1bd63a,2026-01-11T15:53:55.107525Z,Shermanshire,2181.73,2181.73,1
02288f07-fbda-45ae-b270-9103cfd6b161,2026-01-11T15:53:49.146103Z,Port Joshuahaven,4225.89,4225.89,1
02a213b0-22d7-445d-802c-04cb6db96fa2,2026-01-11T15:53:54.498859Z,Port Josehaven,-2139.98,-2139.98,1
02c22093-f459-4b86-b6ec-8b2364299af4,2026-01-11T15:53:57.104950Z,East Kendra,2412.81,2412.81,1
02f4298f-6ffa-4356-8690-5ba517e03df5,2026-01-11T15:53:50.026764Z,East Courtneyshire,4266.07,4266.07,1
035d3469-6889-4fad-bdb6-bca4454ffc51,2026-01-11T15:53:58.040654Z,Elliston,4111.48,4111.48,1
0461a44d-20f9-45d8-a025-cf7c4966055e,2026-01-11T15:53:52.788185Z,Kathrynberg,3316.15,3316.15,1
0465a8d7-4388-46fe-a8f0-6068e087e259,2026-01-11T15:53:53.636662Z,Murphyhaven,1146.17,1146.17,1
04f718c8-5215-4503-b012-f8197df37378,2026-01-11T15:53:47.913660Z,New Theodoreborough,2129.28,2129.28,1
05e7c959-a47c-45e7-8d87-0962ecedecb0,2026-01-11T15:53:56.797699Z,Ryanview,950.88,950.88,1
05edca30-57ef-461e-be11-ac4f4cc612f5,2026-01-11T15:53:56.241500Z,Barbaraview,873.16,873.16,1
0679c4f2-2d92-48a4-9922-5b53a6ef8273,2026-01-11T15:53:50.641935Z,Colleenshire,5649.94,5649.94,1
0922d88d-e522-4d31-8d9a-6fce1d7cf46d,2026-01-11T15:53:50.157128Z,East Martin,4173.83,4173.83,1
0a81870a-1ecf-4aec-9a11-ddf4be1a35c9,2026-01-11T15:53:49.759017Z,Millshaven,3938.17,3938.17,1
0a8bb5b4-9049-4583-ac86-a890d7b00bdc,2026-01-11T15:53:46.769081Z,West Michelle,-932.86,-932.86,1
0ac2aa3d-8153-4500-aeea-e290e9b411e4,2026-01-11T15:53:57.440425Z,South Shawnaside,3053.68,3053.68,1
0b8079d7-114c-440d-a75d-b93bd4736d37,2026-01-11T15:53:50.285490Z,South Kathryntown,1641.96,1641.96,1
0c44c0fd-e13c-464d-b23e-860e0ae35494,2026-01-11T15:53:54.859563Z,Christopherchester,3850.01,3850.01,1
0cae965a-0aaa-4b41-a475-d814f81be7e1,2026-01-11T15:53:55.121414Z,West Olivia,-4844.62,-4844.62,1
0cfef683-3e11-4afe-bd41-96fe963a8617,2026-01-11T15:53:46.844994Z,Khanburgh,-494.81,-494.81,1
0d04dcb6-98cd-4655-9297-e1adedba9484,2026-01-11T15:53:47.603112Z,Lake Christina,159.83,159.83,1
0d394b57-a4d4-4f15-ad54-a50182866d40,2026-01-11T15:53:49.745425Z,Johnview,-3457.81,-3457.81,1
0e5a4751-d154-40d5-b91b-cb2654b26492,2026-01-11T15:53:59.462885Z,Port Leslieton,2686.05,2686.05,1
1038f8e4-0cbe-435d-bbfc-3897f0271efc,2026-01-11T15:53:53.187153Z,Allenberg,1019.74,1019.74,1
109efb40-8ceb-4c57-97e3-23cf6d651847,2026-01-11T15:53:48.148643Z,Lake Kelly,322.91,322.91,1
10a0e260-0fbd-4062-ab6d-9aa8aaefdbe1,2026-01-11T15:53:50.667796Z,New Sarahland,-1597.9,-1597.9,1
10df9974-55ab-446d-a5b5-cdc2a181c85e,2026-01-11T15:53:46.644476Z,East Matthew,1114.87,1114.87,1
11060c0d-e595-4021-8121-9aeb07823bfb,2026-01-11T15:53:54.953842Z,Lake Kristi,-2797.81,-2797.81,1
11618b5e-ed4c-4325-905a-4d407f2632df,2026-01-11T15:53:51.621123Z,North Kathryn,-1480.5,-1480.5,1
13325c31-d010-418a-aadc-9960424211e2,2026-01-11T15:53:47.252078Z,Lake Kenneth,-269.29,-269.29,1
13f39289-4dcc-405d-959e-f0fd1204f4d6,2026-01-11T15:53:47.980931Z,Wagnerburgh,1252.91,1252.91,1
1697201f-d679-4fe3-a08f-23902eab253e,2026-01-11T15:53:56.057753Z,South Alan,4216.57,4216.57,1
174d65c0-ed60-48d9-b701-9d4489131a4a,2026-01-11T15:53:52.251263Z,West Joseside,4588.51,4588.51,1
17776760-70ff-4474-a7a3-208eb1fde4de,2026-01-11T15:53:52.573332Z,West Zachary,1611.45,1611.45,1
17eaa7fa-f882-4e16-a740-55a9219c5f3d,2026-01-11T15:53:54.646967Z,Gomezstad,6330.65,6330.65,1
17f931b6-76b3-418e-961b-4a7d4c41c603,2026-01-11T15:53:54.710781Z,North Ashleybury,3213.09,3213.09,1
18999d8c-7f02-471b-a6eb-5efaddebaa54,2026-01-11T15:53:53.573257Z,Henryfort,-4394.46,-4394.46,1
18b666f8-4ba0-468a-bb20-21f78b1d2284,2026-01-11T15:53:50.519559Z,Port Kirsten,2193.8,2193.8,1
18c321f4-7ee2-47aa-b2a4-d31a9976dfa0,2026-01-11T15:53:58.736250Z,Lake Martinchester,-7460.8,-7460.8,1
18ce58d1-c5e3-4e15-b1dc-527047802d60,2026-01-11T15:53:50.468852Z,North Keith,4558.14,4558.14,1
198640a1-45a9-47a0-b443-7813d6bfe645,2026-01-11T15:53:54.157985Z,Christianfort,1861.15,1861.15,1
19e1be61-fb8c-499f-836f-e96e3a42a9a1,2026-01-11T15:53:59.928380Z,Hannahstad,-2055.83,-2055.83,1
1a2a69d9-5688-4791-8f92-c2c32727aea4,2026-01-11T15:53:52.937137Z,Guzmanland,-4745.52,-4745.52,1
1a6da2e5-e035-4e44-b209-2e71208fa98c,2026-01-11T15:53:53.369855Z,Port Chad,-2324.07,-2324.07,1
1b000f9f-16e5-40e5-b32d-3c81a8e50e05,2026-01-11T15:53:49.534018Z,Darrellland,2834.69,2834.69,1
1b504d43-a213-4d8c-8a83-3f6b2a5b7273,2026-01-11T15:53:59.657485Z,South Deborahville,1392.72,1392.72,1
1c9648c1-b7b6-4caf-a2cb-71fcb826ba1b,2026-01-11T15:53:57.634334Z,Jacquelinebury,3865.03,3865.03,1
1cf8d03f-802b-4bf4-b8ff-615c172720fa,2026-01-11T15:53:48.110577Z,Christopherfurt,-3084.28,-3084.28,1
1d0707aa-59ec-4e63-8b63-981eb1dc3a91,2026-01-11T15:53:52.989952Z,Haroldport,-4671.15,-4671.15,1
1d2ae042-042a-4f64-80e1-be4dc4c608eb,2026-01-11T15:53:48.911702Z,Meltonfort,2439.76,2439.76,1
1d69047d-d29c-4307-a3b5-4f0456a372ff,2026-01-11T15:53:56.381032Z,Mcleanmouth,3275.37,3275.37,1
1d7af727-ac13-44e8-a109-18c950168bd5,2026-01-11T15:53:52.277806Z,Reedmouth,-6808.5,-6808.5,1
1dde7969-6886-43db-a634-8e784d5c55c7,2026-01-11T15:53:46.525588Z,South Sean,3850.13,3850.13,1
1e8343bf-23e8-4b05-85ec-647eeec432d0,2026-01-11T15:53:51.043666Z,New Sandraborough,5365.86,5365.86,1
1f08f855-8d85-4df1-8309-4f28fe0d40b4,2026-01-11T15:53:49.361889Z,Lake Stephanie,2599.25,2599.25,1
1f4a4706-2e79-4ba5-903e-f9cb100637c7,2026-01-11T15:53:54.003314Z,West Jeffreyfurt,-4700.99,-4700.99,1
1f79260c-9020-4de2-a0b2-55bf67ba189d,2026-01-11T15:53:52.296981Z,Montgomerytown,2130.55,2130.55,1
205281cc-9c0e-486e-952a-d1783eeea86d,2026-01-11T15:53:59.433419Z,Bentleyton,416.83,416.83,1
205a00de-c413-4c74-abf4-9fd0ddca4b45,2026-01-11T15:53:55.928810Z,Teresashire,-896.86,-896.86,1
214b1e1c-4b40-4399-bb10-f0bedb768604,2026-01-11T15:53:52.400773Z,South Ericmouth,1591.97,1591.97,1
22d635b7-cb69-4bf9-b84e-40c171aeb0b9,2026-01-11T15:53:53.317841Z,North Jonathan,252.21,252.21,1
22ff5a30-46b3-4cbf-bb18-291fdebfe7d3,2026-01-11T15:53:53.445061Z,South Ashleybury,148.55,148.55,1
234bae09-da79-4686-8f06-c963e65664ac,2026-01-11T15:53:50.311148Z,Port April,4208.06,4208.06,1
23d7e6a1-19b8-44fc-a587-1d8916312fc6,2026-01-11T15:53:47.159389Z,East Victorland,3901.75,3901.75,1
24c4e6ca-8a66-4d77-a049-315b00938d5e,2026-01-11T15:53:52.544112Z,Fischerton,2310.94,2310.94,1
2505a2b6-9dd3-415a-9417-e0f5aaff96ff,2026-01-11T15:53:49.974601Z,Lake Barbara,1467.39,1467.39,1
25916ffa-09cd-43a6-9f6f-83c5539b4d73,2026-01-11T15:53:50.798134Z,Ashleyborough,1498.42,1498.42,1
25987d51-f7f9-4fbc-8ba7-0c7016a54aa0,2026-01-11T15:53:53.407401Z,Dicksonburgh,1878.17,1878.17,1
25d6ad40-50cc-499f-9ed2-f65d0c07cdc3,2026-01-11T15:53:54.055395Z,East Susanside,2899.88,2899.88,1
25e97977-8d72-48e2-951f-58d05e84f058,2026-01-11T15:53:46.264080Z,Walkermouth,3124.83,3124.83,1
25f979cd-a101-4d68-b81a-ee5aad79b370,2026-01-11T15:53:53.727506Z,North Christopher,-423.33,-423.33,1
26da916c-d306-46ae-a9ed-5072bb81c774,2026-01-11T15:53:51.026381Z,South Michael,2233.15,2233.15,1
286ef693-da34-4653-abf9-98adc92aeb0c,2026-01-11T15:53:50.978805Z,Gomezberg,-3729.15,-3729.15,1
29d2a737-14ad-450d-996b-aadd5dd86468,2026-01-11T15:54:00.038097Z,Jaybury,2574.92,2574.92,1
29fd9b08-074f-4459-97d3-d50e66978f77,2026-01-11T15:53:50.726232Z,East Gail,5909.89,5909.89,1
2ab9ec20-e386-4348-b2d7-7a42637efd17,2026-01-11T15:53:57.724051Z,Charlestown,-4458.13,-4458.13,1
2b1ac76c-89ec-4c51-98cb-aa5247f53019,2026-01-11T15:53:47.109654Z,Courtneyfurt,603.8,603.8,1
2bc11d29-6698-4733-80d9-4d20566072fe,2026-01-11T15:53:58.138704Z,Byrdhaven,398.41,398.41,1
2cba1bc6-289a-4e38-ad4b-24ec5b673a25,2026-01-11T15:53:48.964339Z,Port Annahaven,1923.94,1923.94,1
2cba898c-904d-47d3-8cfa-e0aa69184fe9,2026-01-11T15:53:56.952728Z,Christinaview,4253.79,4253.79,1
2e709838-0190-4620-99dc-abd056febfb9,2026-01-11T15:53:46.585287Z,Scottchester,5098.26,5098.26,1
2eac9f85-61e4-4a6e-9d50-36a8e990b82e,2026-01-11T15:53:58.012038Z,East William,2233.96,2233.96,1
2f900058-39ca-4826-9af5-6a23627ca9f7,2026-01-11T15:53:48.287351Z,Lake Cynthiashire,280.39,280.39,1
2fbcf484-7951-4c7b-a2be-0d3b6afa1ea3,2026-01-11T15:53:56.266372Z,New Theresamouth,1318.36,1318.36,1
2fd049b1-df68-4283-94be-d77b8f1f1147,2026-01-11T15:53:53.161108Z,West Christopher,1977.12,1977.12,1
3044ffc4-0e82-4f50-b379-6ab24cd8f531,2026-01-11T15:53:58.354620Z,West Sarafort,1884.91,1884.91,1
30b05a0b-b19d-4860-b8f4-0e49cb5d2aff,2026-01-11T15:53:49.772965Z,Jeanetteside,-3245.89,-3245.89,1
321a6c3f-4726-4c24-8460-5896ef87bf0d,2026-01-11T15:53:48.556268Z,Robertschester,2570.99,2570.99,1
330faaa3-6b52-493c-a321-e64e620d4a1f,2026-01-11T15:53:47.265173Z,East Dianeview,2577.02,2577.02,1
3313d402-2382-4280-b443-04e90e60ec16,2026-01-11T15:53:51.518621Z,Douglasside,393.25,393.25,1
33decf96-2bd6-40fb-ae3c-8687b704eced,2026-01-11T15:53:52.505583Z,Martinezborough,112.5,112.5,1
33e04a38-cdf0-4aba-9027-fbf7387770f0,2026-01-11T15:53:48.404660Z,East Craigfurt,2523.84,2523.84,1
344a21b7-dfff-4cea-a687-0a987f0f6662,2026-01-11T15:53:48.516012Z,South Nathan,3070.97,3070.97,1
355cdfff-5ffa-4dbe-a343-687057d9f647,2026-01-11T15:53:51.733034Z,Amyland,2011.25,2011.25,1
35868ed1-e4a2-418e-b328-8280e3ca0915,2026-01-11T15:53:52.213095Z,Aaronstad,2267.07,2267.07,1
35cebda8-5d3d-4371-96ac-0d841604c332,2026-01-11T15:53:52.629337Z,West Stephanieland,3739.79,3739.79,1
35ec5514-7fbc-4d75-be19-24aadab712f6,2026-01-11T15:53:50.828259Z,Perrytown,-1297.28,-1297.28,1
35f5afea-80d2-457b-9c6b-f2c8db184d46,2026-01-11T15:53:50.272890Z,Davidmouth,1474.49,1474.49,1
36cdf42f-892c-4b33-99af-8224d7232ce3,2026-01-11T15:53:48.725847Z,South Richard,3849.54,3849.54,1
3706f04c-5fba-443c-a07c-dd5ca85a672c,2026-01-11T15:53:54.887377Z,South Lucas,4440.12,4440.12,1
37663e35-cdba-4cac-be85-f617f17e993d,2026-01-11T15:53:51.569436Z,Buchananside,4251.59,4251.59,1
378ce7b7-2f14-4369-b22f-deb897cabad1,2026-01-11T15:53:51.556750Z,West Suzanneland,490.85,490.85,1
383e69a4-81f4-4dfd-bb6b-1c0d702805af,2026-01-11T15:53:48.951453Z,Jimmyside,-3452.63,-3452.63,1
38cd0ced-ba7b-4404-a50c-5ea21f473751,2026-01-11T15:53:52.361029Z,Lake Chaseland,3262.14,3262.14,1
38f9faed-25c8-4224-9202-d65bbdf1de53,2026-01-11T15:53:53.469759Z,Gatesburgh,-2886.05,-2886.05,1
39347843-5739-43a3-b003-3ea7f54ce27a,2026-01-11T15:53:54.408843Z,Port Christinaberg,3144.91,3144.91,1
3a4e2920-f8b1-4902-a05f-039cd98eb024,2026-01-11T15:53:50.338640Z,East Christopher,-4822.91,-4822.91,1
3a6570b5-b972-4caf-bea4-2063f16a8348,2026-01-11T15:53:52.453293Z,South Donna,3556.55,3556.55,1
3ad24ac8-bf70-4042-9e7c-6795a8c6c2df,2026-01-11T15:53:47.768096Z,Jenniferton,2920.82,2920.82,1
3d0a5f0c-0c39-4ec7-9f31-74054d183eba,2026-01-11T15:53:46.690989Z,West Kristinastad,1140.92,1140.92,1
3d948afd-864d-4a8d-9067-308a95cc34cd,2026-01-11T15:53:52.857997Z,North Kaitlynview,3152.66,3152.66,1
3e2bf9c9-636f-4e5c-a253-e70687ad8b26,2026-01-11T15:53:46.929856Z,Kimberlyfurt,3353.57,3353.57,1
3e3707dc-84d9-42ec-aa3c-2de7f2203acf,2026-01-11T15:53:52.733967Z,Lake Amanda,-3184.25,-3184.25,1
3e83b91f-2544-4fe0-ae41-7d475ff595ea,2026-01-11T15:53:46.485619Z,Daniellechester,383.22,383.22,1
3ec2e72a-c832-43f0-ab0e-63fdfc3d3138,2026-01-11T15:53:49.121899Z,Port Donaldside,1865.78,1865.78,1
3f59e4f2-c309-4b6e-b7e9-d2e2d35ac07a,2026-01-11T15:53:46.881866Z,Stokesmouth,1407.71,1407.71,1
3fbbff57-b6f5-4f1c-84a5-31cdf97f4994,2026-01-11T15:53:47.929230Z,East Cynthiamouth,1389.76,1389.76,1
3fbe5756-d8f0-4d41-a407-43300b9d55cd,2026-01-11T15:53:51.103782Z,North Tyler,2859.7,2859.7,1
405620d4-625a-40d9-bce3-5a66a23cff90,2026-01-11T15:53:54.421471Z,Maynardburgh,3404.66,3404.66,1
405d861c-5184-4088-9c8d-5e9d0b874724,2026-01-11T15:53:53.560474Z,Lindaton,3135.43,3135.43,1
4083ff8f-e10a-4f9f-ae2c-219ab50f2f5c,2026-01-11T15:53:51.310793Z,Whiteborough,1370.98,1370.98,1
4147a202-6b93-4fe0-b4f7-af311fe8fbe4,2026-01-11T15:53:52.149961Z,South Drew,3606.88,3606.88,1
4199322e-3ba5-4126-bff6-9f4195082801,2026-01-11T15:53:48.007466Z,West Amberberg,1508.76,1508.76,1
4204d733-9855-4b1e-9588-1c1c25db5946,2026-01-11T15:53:47.357373Z,Armstrongfort,2181.76,2181.76,1
4207fb51-52ff-4ff5-a49c-5edd69aec17b,2026-01-11T15:53:49.099859Z,Millerhaven,-1333.42,-1333.42,1
4299b351-99b3-468d-adcc-9c609e35836f,2026-01-11T15:53:48.813962Z,North Kelly,1608.42,1608.42,1
4312153d-484f-4f7c-a44f-52f41b696031,2026-01-11T15:53:50.040960Z,Cooleyside,3409.17,3409.17,1
432f174f-91b7-4a5c-90dd-6f06f5946de4,2026-01-11T15:53:51.543497Z,Diazchester,3303.99,3303.99,1
434b033d-84e1-469e-8365-9e5157a5e3b2,2026-01-11T15:53:51.158930Z,Lake Julie,3173.76,3173.76,1
43ad3d62-b17c-4b21-8dbc-2c1ca4afe7bd,2026-01-11T15:53:46.832726Z,East Maria,1864.59,1864.59,1
4489e42c-b9c3-4c98-b47a-7bac0dfdb74f,2026-01-11T15:53:57.581993Z,Lake Debbieton,2463.3,2463.3,1
45bbfb02-f99c-498f-a2d8-d220bd36a04a,2026-01-11T15:53:53.611179Z,Evansland,2065.16,2065.16,1
47d5ac92-0f45-45da-9194-1591b134b58f,2026-01-11T15:53:48.463183Z,Lake Ronniebury,3087.24,3087.24,1
480a202f-1cde-4b69-b8fb-04f3cbbc04a3,2026-01-11T15:53:53.819729Z,Lake Aaron,4613.79,4613.79,1
48e5433e-a8f1-41d5-941c-b88eddb6b4a8,2026-01-11T15:53:59.194428Z,Wendyshire,1727.38,1727.38,1
48f18eed-6703-4089-878c-d2c36374ed14,2026-01-11T15:53:48.884832Z,New Matthewmouth,3373.57,3373.57,1
49257af1-b6aa-405b-93d5-f2f7709b7d97,2026-01-11T15:53:46.325286Z,Karenchester,1152.0,1152.0,1
497bc13b-d2de-447d-8455-d60e69958fd1,2026-01-11T15:53:48.750287Z,Caseyton,884.1,884.1,1
49999d27-c9f8-44d6-9635-dc67ad5ae575,2026-01-11T15:53:54.369371Z,East Michelle,4074.62,4074.62,1
49adb07b-874f-4c5c-9a06-64b93eeb2f03,2026-01-11T15:53:51.408135Z,Mackville,-3052.65,-3052.65,1
49ef1088-8ab7-4eb9-9be4-e2ac9f999133,2026-01-11T15:53:52.559188Z,Shannonside,2734.96,2734.96,1
4a34041e-0c78-447b-9b21-c9f0f4852088,2026-01-11T15:53:48.594648Z,Port Jacob,2536.29,2536.29,1
4a78ffe0-ef60-4bc6-b0f1-da53b5e8bbd4,2026-01-11T15:53:56.162965Z,West Joseph,3306.74,3306.74,1
4a832ab5-57c8-40b0-9a73-cd2f4f05495e,2026-01-11T15:53:49.223422Z,North Danielle,3008.66,3008.66,1
4a9f6c5c-7eb9-4e2d-b738-7270d424d9f3,2026-01-11T15:53:49.560152Z,South Heather,4210.75,4210.75,1
4ac9778d-8da8-4ee4-8df5-6ac6f96b648a,2026-01-11T15:53:46.400005Z,Christopherbury,5724.62,5724.62,1
4b318a03-495f-4947-849e-e4c017c36a71,2026-01-11T15:53:57.621215Z,West Christinashire,1199.42,1199.42,1
4b861f69-b036-49a4-8518-c20bcd5fe3f4,2026-01-11T15:53:51.836482Z,Sarahmouth,4223.86,4223.86,1
4d470ed6-a666-4769-a1d4-6f8221c50e41,2026-01-11T15:53:47.134474Z,New Erin,4238.6,4238.6,1
4da08e48-3531-418a-a4c5-8b47160934d1,2026-01-11T15:53:48.569218Z,West Kevin,1177.43,1177.43,1
4e55f3fe-37f5-4238-a559-b3653c00a0f0,2026-01-11T15:53:49.278805Z,Deannastad,7173.28,7173.28,1
4ebfa5c3-cae9-44a7-aa79-ea680f44704f,2026-01-11T15:53:46.425207Z,Moonburgh,4111.2,4111.2,1
4fa4414f-2b34-4a75-9104-b9519c0095bb,2026-01-11T15:53:59.353966Z,Adamsshire,1415.4,1415.4,1
4fc40b0a-966b-41e7-8435-fe28cb0c1709,2026-01-11T15:53:50.066296Z,Raymondville,2134.53,2134.53,1
506801b9-c22a-499a-b1b3-1c9198063af9,2026-01-11T15:53:51.608314Z,Lake Justinshire,1754.98,1754.98,1
50942b90-af9c-40d0-a1c3-1b4645cf161c,2026-01-11T15:53:58.489745Z,New Michael,3378.44,3378.44,1
50be6294-44c1-438c-a702-c0d88875b591,2026-01-11T15:53:54.630556Z,Littleview,6348.59,6348.59,1
50ebda02-ece2-4b67-a94d-11330a9ffb25,2026-01-11T15:53:58.241314Z,East Julie,1578.34,1578.34,1
50f51e97-a76c-41cb-a6f2-9d1d03d6af3f,2026-01-11T15:53:49.400968Z,Tinafurt,3529.08,3529.08,1
5166488b-b008-42da-a24b-a9d4c2ffd690,2026-01-11T15:53:49.414024Z,Phillipsberg,3739.8,3739.8,1
52dfc152-c8e6-4d4b-8feb-aa0edbfb491a,2026-01-11T15:53:50.561832Z,South Kelliemouth,-3458.79,-3458.79,1
53e2e047-2608-4b53-8a22-6cfe4b4f8f74,2026-01-11T15:53:49.265630Z,Littleshire,4330.65,4330.65,1
544603f1-b432-4032-8f3e-4ec490d98e1b,2026-01-11T15:53:59.670620Z,New David,1375.82,1375.82,1
552dad08-c536-40a2-8850-4c6b12cd1aeb,2026-01-11T15:53:52.026241Z,Shannonmouth,2082.49,2082.49,1
55dbb9e7-938f-4e9c-a927-fd46b6683f46,2026-01-11T15:53:58.516550Z,Lake Victoriaborough,2055.59,2055.59,1
566d56e8-1c86-4f6f-8285-ede10f5449d1,2026-01-11T15:53:51.860938Z,Walkermouth,-1099.44,-1099.44,1
579f875d-d329-4a71-b697-492fd840fd58,2026-01-11T15:53:59.207150Z,North Scott,-4592.3,-4592.3,1
57a25d1c-24e1-41d9-83f1-0ab765b63378,2026-01-11T15:53:54.208190Z,Millermouth,5163.85,5163.85,1
57d3ec63-e3e1-43bb-ae8e-60755eebc618,2026-01-11T15:53:49.509123Z,Allenstad,1335.9,1335.9,1
597ce0cf-50ad-4cd5-9dbb-5298a5751dda,2026-01-11T15:53:54.067631Z,Harrisfurt,2241.35,2241.35,1
59970043-f3b1-425b-bff9-f5850d557b61,2026-01-11T15:53:46.350303Z,Danieltown,-2428.84,-2428.84,1
59c435a2-dfdf-4a67-83e5-22d0cd4ace29,2026-01-11T15:53:59.112664Z,New Jessicahaven,1570.01,1570.01,1
5a18f557-8f24-43da-8141-c9c57f7eedaa,2026-01-11T15:53:53.899448Z,Tammieville,4473.99,4473.99,1
5ade290e-f194-492c-8864-f0602642425a,2026-01-11T15:53:58.659078Z,Lake Sean,2641.5,2641.5,1
5da17dc9-ab48-4f7a-a474-5dce9e80e9b9,2026-01-11T15:53:55.036330Z,Lake Jasonfurt,6135.3,6135.3,1
5dda5439-d5af-44fe-8a97-8dfacb3f99af,2026-01-11T15:53:53.687668Z,East Jamestown,1480.87,1480.87,1
5e5ffeaa-0eb5-4078-b464-d6f211ea2c00,2026-01-11T15:53:49.334877Z,South Caleb,3824.65,3824.65,1
5e934de0-43ac-4875-9017-ab443b53f64b,2026-01-11T15:53:47.697323Z,New Richard,866.4,866.4,1
5ef59cd3-e078-42d6-a92c-b8ed8fa05149,2026-01-11T15:53:54.029465Z,Ruthview,536.54,536.54,1
5f390d2b-5f25-410e-a82e-2d6137164f31,2026-01-11T15:53:50.079113Z,New Patriciachester,4936.87,4936.87,1
61607459-85c7-404b-8693-da1139c6a1ca,2026-01-11T15:53:46.412663Z,South Danny,3337.94,3337.94,1
61a11729-3cb9-4350-9b4d-a0fe7bb38605,2026-01-11T15:53:46.499165Z,Julieburgh,6111.28,6111.28,1
63582706-d545-4254-89bc-6a803a887bed,2026-01-11T15:53:51.394428Z,Williambury,389.28,389.28,1
64315fc2-6946-4f3f-914f-6fd9accc1507,2026-01-11T15:53:50.533163Z,Davismouth,154.31,154.31,1
644c5b7d-95ea-4734-8925-f7fa1484e9d6,2026-01-11T15:53:54.682007Z,Lake Alexander,1968.3,1968.3,1
65d77fc8-252a-483c-9d7b-ca5cf7a87bc5,2026-01-11T15:53:52.761349Z,South Derekmouth,1434.23,1434.23,1
669be896-7602-42ba-8862-036f4d579d00,2026-01-11T15:53:48.245469Z,Lake Lisafurt,1522.52,1522.52,1
66d6089e-ab91-4501-b5bd-62cda76090e7,2026-01-11T15:53:50.769179Z,Billfort,1264.63,1264.63,1
66dc3989-5207-46cc-9b5a-d674889654b2,2026-01-11T15:53:49.078404Z,North Christina,1197.55,1197.55,1
67884209-92ca-425a-ade5-93329364f3d0,2026-01-11T15:53:46.608656Z,Michaelberg,2929.01,2929.01,1
67cf5ce0-0af5-44a9-b894-3df8c9abda91,2026-01-11T15:53:48.390698Z,South Cherylshire,1308.13,1308.13,1
67f7aba4-0617-4c62-a243-b9ab2b0e817c,2026-01-11T15:53:53.252477Z,Scottmouth,-2559.15,-2559.15,1
683199c6-f480-4da5-a68c-13481046e3df,2026-01-11T15:53:48.762447Z,Michelleton,2934.96,2934.96,1
68599dc4-e8c5-43b0-86c5-50543eb4a527,2026-01-11T15:53:50.442581Z,Newtonberg,2744.26,2744.26,1
6acac954-49a5-4d0d-a487-1ab3aa794de7,2026-01-11T15:53:48.582101Z,West Frank,1920.35,1920.35,1
6af31899-014c-43a1-a5f3-d46692de0df8,2026-01-11T15:53:48.476533Z,South Stevenberg,-2474.65,-2474.65,1
6b178422-59e1-4007-be41-06d0ac71c3d1,2026-01-11T15:53:57.172658Z,Grayshire,2303.66,2303.66,1
6b77fe6e-e123-4175-be22-a676054d35aa,2026-01-11T15:53:52.332438Z,Matthewburgh,-4157.11,-4157.11,1
6c6d282b-69e0-4370-abf7-a5d01ccec1ef,2026-01-11T15:53:48.032834Z,Shannontown,3974.17,3974.17,1
6c83a898-8723-47f4-b378-c9eebe751767,2026-01-11T15:53:54.382588Z,Samanthafort,3461.0,3461.0,1
6e8d9644-601b-4bcb-b0ee-bcce8d93e14a,2026-01-11T15:53:46.990081Z,South Shane,4298.02,4298.02,1
6ef735aa-1f7a-43af-9cc4-1ca3d58c449e,2026-01-11T15:53:50.195585Z,South Kevinchester,3513.99,3513.99,1
6f44cd6d-c382-4a7f-b47e-12efb6ae1d6b,2026-01-11T15:53:58.611740Z,Stewartberg,5738.72,5738.72,1
6f7f6354-372f-4fb6-841b-4c79c0146804,2026-01-11T15:53:51.936701Z,Blankenshipchester,-727.43,-727.43,1
70a6b5fc-a03c-47ff-8f0d-c7bc80c8b083,2026-01-11T15:53:50.962268Z,Garciaport,3969.28,3969.28,1
71076f2e-0a71-4350-beb2-7900ed5d6510,2026-01-11T15:53:48.857664Z,Rhodesmouth,2517.59,2517.59,1
716ca1f2-dec0-4f3a-9c46-1b34c7eab19b,2026-01-11T15:53:47.590591Z,Adammouth,2233.56,2233.56,1
71980a55-f224-464c-bd11-b3ff991b749e,2026-01-11T15:53:49.427752Z,East William,4060.95,4060.95,1
72c1e68e-9390-4193-890c-e3154d980202,2026-01-11T15:53:49.440489Z,Oscarport,-3467.3,-3467.3,1
72f0b90d-5c2f-4996-a4ba-aea10cd4ba10,2026-01-11T15:53:53.239585Z,New Valerietown,3048.16,3048.16,1
7308f8c8-c68a-42bc-acff-e2ed53575c83,2026-01-11T15:53:59.379871Z,Rodriguezchester,5678.06,5678.06,1
7374ccbf-d78c-47d3-9088-50d32fe5b140,2026-01-11T15:53:47.082030Z,Dunnville,-938.78,-938.78,1
75887389-9b5f-4a2d-a36f-1e3d28c840b1,2026-01-11T15:53:53.148299Z,South Nicole,4171.99,4171.99,1
75d106f2-849c-40c6-9ffa-28aec353ac87,2026-01-11T15:53:50.234380Z,West Courtney,3349.13,3349.13,1
75e2c2fa-6ad7-4453-9d2c-ec89cd75e6de,2026-01-11T15:53:48.607769Z,North Andrewfort,-2932.54,-2932.54,1
76935d1f-8d80-42fe-b7b1-007234368737,2026-01-11T15:53:52.694397Z,South Brianburgh,-78.29,-78.29,1
76ba4572-5c66-4438-8da9-b236d15f4acd,2026-01-11T15:53:51.658668Z,North Melissaton,-4138.68,-4138.68,1
76ed51d8-b8b9-4baf-841e-c2cc9fb3cbf4,2026-01-11T15:54:00.089345Z,Stefanietown,3529.71,3529.71,1
774d34f5-caf0-4226-be00-0029c47f9b05,2026-01-11T15:53:48.677688Z,West Jennifer,1417.04,1417.04,1
776f5126-206b-4c56-982a-3576d87bea26,2026-01-11T15:53:57.885937Z,Hortonton,1549.98,1549.98,1
77eb6d89-b142-4e87-9109-ffe513c3fc1b,2026-01-11T15:53:49.894290Z,New James,7243.22,7243.22,1
7815c7df-0f2c-41b7-97da-64cb83735f49,2026-01-11T15:53:48.620537Z,New Ashley,5085.26,5085.26,1
7875b1c7-7724-4aa3-8438-eae0b5d0b595,2026-01-11T15:53:48.232550Z,New Dakota,3675.0,3675.0,1
78920f72-9530-4450-9c62-44f4e44d8dc2,2026-01-11T15:53:50.324727Z,West Jennifer,-111.07,-111.07,1
78dbd04e-87e3-4955-9e49-e6e1a754251d,2026-01-11T15:53:53.937971Z,West Shelby,2325.47,2325.47,1
7978dc84-ea89-4979-baa6-d6eaac273009,2026-01-11T15:53:48.181074Z,Marymouth,3135.92,3135.92,1
79d54e9f-7846-4474-927c-5ea78a159e92,2026-01-11T15:53:48.696409Z,Robertton,2558.89,2558.89,1
7a211151-c166-48b3-b26b-cebf7def3b8e,2026-01-11T15:53:47.899760Z,East Derrickville,772.83,772.83,1
7a3a6e96-23ff-43d3-bb4f-b88a2f4dd219,2026-01-11T15:53:46.869749Z,Robertside,3174.29,3174.29,1
7a49ae9c-df4b-4c19-afaa-039b98ec5b6a,2026-01-11T15:53:53.950694Z,Nguyenville,-898.3,-898.3,1
7b4f9914-8216-4806-806a-218f321284c4,2026-01-11T15:53:57.079146Z,Hoffmanport,2083.86,2083.86,1
7b5f2193-dac5-4d5b-8910-42d056b766a5,2026-01-11T15:53:58.791299Z,Barrystad,533.97,533.97,1
7bdac670-ca4c-4b4d-bc8a-de6a9051385e,2026-01-11T15:53:49.907430Z,Woodston,2499.34,2499.34,1
7c2a5ca2-0c92-4749-b3da-143e4962394f,2026-01-11T15:53:52.884556Z,New Stevenside,1561.2,1561.2,1
7c65182e-caec-402d-a05b-b3176bd55f21,2026-01-11T15:53:55.093371Z,Williamston,1816.38,1816.38,1
7d268350-6eb7-41e4-9c21-245e9a7d0275,2026-01-11T15:53:55.177905Z,Lake Amanda,2806.63,2806.63,1
7d5911c6-a8f1-4091-bfb8-102d9475dbc9,2026-01-11T15:53:46.461840Z,Mollymouth,4442.82,4442.82,1
7dc437dd-e395-45ea-95d4-4c348fa95ec3,2026-01-11T15:53:56.176191Z,East Jeremy,2447.55,2447.55,1
7e6ae55c-502c-46f1-864d-10e38e738520,2026-01-11T15:53:50.105027Z,West Charlesmouth,2523.46,2523.46,1
7e7279ce-cd7f-45f6-8cb6-80293276ab75,2026-01-11T15:53:50.092218Z,Davischester,1955.54,1955.54,1
7f072cb9-2fd3-40c0-b945-f2fd56cb1ab0,2026-01-11T15:53:46.716842Z,North Douglas,1447.76,1447.76,1
7fb32568-9594-4ea8-8381-6e47df3c5c8a,2026-01-11T15:53:49.029289Z,Kellytown,3952.04,3952.04,1
80667038-46df-443f-af8a-eb01c73f41d2,2026-01-11T15:53:50.813344Z,Amberfort,2461.37,2461.37,1
80cf9dc7-eb10-4621-b5ec-c9191de53888,2026-01-11T15:53:53.873250Z,New Molly,872.79,872.79,1
80e51b3d-90be-45ee-b97e-241dfe08a540,2026-01-11T15:53:50.429555Z,South Kristie,404.31,404.31,1
82749f61-431b-4f9f-bf23-a32fba18a17b,2026-01-11T15:53:59.565499Z,Ronaldshire,-1723.88,-1723.88,1
8347f1da-5c11-4b6d-82f5-b3f54ef4c34d,2026-01-11T15:53:46.940974Z,Garyside,1926.95,1926.95,1
83ff3e96-6721-4a70-97d5-0f59c4d598f7,2026-01-11T15:53:47.121448Z,Smithburgh,976.27,976.27,1
84391819-b97a-48ba-940b-b34de9ccedab,2026-01-11T15:53:51.089647Z,Lake Dawnfurt,2775.97,2775.97,1
84399ed9-5a64-445e-b498-16ad6994bf84,2026-01-11T15:53:47.807513Z,Port Joseph,1560.1,1560.1,1
8471b4b0-ae1b-4f69-b740-d83173318749,2026-01-11T15:53:46.755931Z,New Shelly,3228.2,3228.2,1
84a5b18b-cdcd-4a34-ae46-2fcda829907c,2026-01-11T15:53:47.781381Z,Michaelview,5464.76,5464.76,1
850f7bdc-ddf7-4263-a806-5678ad478200,2026-01-11T15:53:50.885171Z,Clarkville,640.41,640.41,1
8548867b-ad5c-4a24-8d59-616b7779857f,2026-01-11T15:53:47.407824Z,Rebeccafurt,1505.67,1505.67,1
85ce4148-8094-4d76-8cee-122eb3c8100a,2026-01-11T15:53:58.937680Z,New Jill,3044.74,3044.74,1
86b48979-efbb-4288-99ba-a1fd68b6daf8,2026-01-11T15:53:54.984466Z,Gonzalezburgh,2216.34,2216.34,1
86c5d1d6-9ea9-4508-b122-75923db02235,2026-01-11T15:53:46.965445Z,New Samanthabury,4379.86,4379.86,1
89238eb6-d690-4fa9-a830-affafc37337a,2026-01-11T15:53:50.547303Z,Smithside,-2822.17,-2822.17,1
89344b06-0790-4eb4-9b2a-1376315e4e80,2026-01-11T15:53:50.053697Z,West Gerald,2809.16,2809.16,1
897bc49d-9b41-46d4-b68c-9deaca328ebf,2026-01-11T15:53:59.859064Z,New Angelatown,3677.21,3677.21,1
89abaadc-b6d0-40ef-a459-8034ad0ce9fa,2026-01-11T15:53:56.149427Z,New Mike,3909.39,3909.39,1
89f653a9-7324-42bb-8119-2634cad3e250,2026-01-11T15:53:52.655542Z,North Ericport,3410.37,3410.37,1
8a25cb4a-6828-4956-8850-bdf6cb005473,2026-01-11T15:53:57.198437Z,West Samuel,4776.24,4776.24,1
8a713a73-fdee-4aa1-853d-80902041e7ed,2026-01-11T15:53:49.001683Z,South Kennethtown,-1956.39,-1956.39,1
8ac35ac4-5dea-4737-bdab-3441d2c2a960,2026-01-11T15:53:47.096056Z,Port Jamie,1561.47,1561.47,1
8bbb8f3f-760e-46aa-a0d9-80baed57a5c8,2026-01-11T15:53:50.221669Z,Brianfurt,2887.01,2887.01,1
8bdfb17e-a33e-4ffc-9e44-d271af2b7783,2026-01-11T15:53:58.873105Z,North Peterport,2357.18,2357.18,1
8cd2216f-50ad-4f63-a709-41535a31e916,2026-01-11T15:53:47.994349Z,North Benjamin,520.89,520.89,1
8cf996a3-d028-4602-a066-5e51f76d7126,2026-01-11T15:53:51.848732Z,Davidville,-716.56,-716.56,1
8da40d27-457f-4a84-9133-ded481e60c4c,2026-01-11T15:53:50.931650Z,New Kathleen,2405.34,2405.34,1
8e499061-d805-4a2b-ad64-36ea3a25be44,2026-01-11T15:53:53.847311Z,East Rachel,227.32,227.32,1
8ea54843-b000-473d-bec0-c73160e73853,2026-01-11T15:53:57.491530Z,Younghaven,207.58,207.58,1
8f70ce5f-0119-45df-ae77-c71b5b29210e,2026-01-11T15:54:00.063121Z,Brettburgh,2615.39,2615.39,1
901b938f-b703-4e19-920f-65b31164d2e6,2026-01-11T15:53:52.871443Z,Curtisfurt,817.27,817.27,1
90cafac3-94e3-452b-bd2f-1be9beea002a,2026-01-11T15:53:49.014844Z,South Christian,2103.53,2103.53,1
90d35298-0cc1-473e-8f16-f365e9dc1dbc,2026-01-11T15:53:56.876900Z,South Patrick,3120.92,3120.92,1
9146d391-cc25-4a1b-a40e-b222a5571020,2026-01-11T15:53:53.213011Z,North Jonathanton,-4809.9,-4809.9,1
914eff49-1105-4eba-b7da-fdb6612e1fcf,2026-01-11T15:53:55.497042Z,Port Sharon,-4241.11,-4241.11,1
92e33940-a32c-4e99-bd26-a41b221a7c4e,2026-01-11T15:53:50.298322Z,Leeborough,1148.81,1148.81,1
92ebeab0-e4ee-467c-9a57-f9e4c5f8e2f8,2026-01-11T15:53:47.198351Z,South Caseymouth,2569.45,2569.45,1
92f0e28e-c92b-4dc3-a937-dfd6996e782f,2026-01-11T15:53:51.823948Z,Ramirezchester,97.21,97.21,1
93231668-f185-4a7c-a004-0d0d5257c31b,2026-01-11T15:53:54.286688Z,Tammyberg,1820.19,1820.19,1
936f88ce-3eb4-4346-b488-fbc8dc0537e3,2026-01-11T15:53:58.313592Z,East Stephen,792.01,792.01,1
93fca973-b631-4c55-8ca3-e980ec955752,2026-01-11T15:53:53.107476Z,Port Kennethstad,3851.67,3851.67,1
94e0d3ba-a9f9-48b2-8e63-84bb3e493f43,2026-01-11T15:53:46.388100Z,West Jeremy,93.9,93.9,1
95e1d191-ca3d-42cf-bad6-d030057f74a4,2026-01-11T15:53:58.502042Z,Johnsonchester,7311.35,7311.35,1
96229348-0f5a-49d3-8e6e-5003214f3f12,2026-01-11T15:53:46.573130Z,New Sarahview,4599.27,4599.27,1
9623d848-10b7-4ccf-8793-5d69c33bf03e,2026-01-11T15:53:52.175386Z,Julietown,1072.95,1072.95,1
990501f8-e0ad-4c81-b297-ca6e28f30754,2026-01-11T15:53:53.766368Z,North Marcuschester,1070.83,1070.83,1
9a178669-888e-48e7-86b6-a5f419d45a55,2026-01-11T15:53:51.076231Z,Rossborough,1532.35,1532.35,1
9a220af4-def6-4ab7-baa7-11b52fabe638,2026-01-11T15:53:58.989775Z,Grayberg,2752.16,2752.16,1
9a3b2264-626b-4e7a-be49-d6cdca125168,2026-01-11T15:53:54.434576Z,Penningtonborough,656.35,656.35,1
9a5c68ad-aeb0-4110-ac13-b24990d22d54,2026-01-11T15:53:49.166044Z,Davidhaven,1224.1,1224.1,1
9b02c535-2649-4478-9396-6f0a6b77af9e,2026-01-11T15:53:47.737695Z,South Dennisfort,4835.38,4835.38,1
9b639a38-049f-4b5f-96a7-aa062babba12,2026-01-11T15:53:49.375003Z,South Hannahmouth,1466.82,1466.82,1
9cbf7b8c-7410-4d5d-9db1-4bfc6f3a5115,2026-01-11T15:53:47.184984Z,South Spencerstad,-962.23,-962.23,1
9d00841e-55d5-4d09-ab3c-15d6a8404845,2026-01-11T15:53:58.207207Z,Lake Charles,2244.83,2244.83,1
9d07285b-8e87-42c2-9c8f-79c8bd955829,2026-01-11T15:53:53.002803Z,Port Cynthia,4174.01,4174.01,1
9d88e7a4-f763-41e6-9f9f-9701b819544a,2026-01-11T15:53:53.499434Z,South Randyton,-2574.84,-2574.84,1
9e9be9e2-9997-496b-8697-847612aa48cf,2026-01-11T15:53:49.195449Z,Halltown,1798.32,1798.32,1
9ea7017c-b89f-4039-a107-cc4686341718,2026-01-11T15:53:46.820266Z,Barrmouth,2616.7,2616.7,1
9f6a6a65-bd54-4a04-8dcd-0009c8d57717,2026-01-11T15:53:47.211753Z,Port April,-3000.45,-3000.45,1
a076aed6-5ed3-400e-9f1e-04cbca342e3c,2026-01-11T15:53:48.490408Z,West Michaelside,652.59,652.59,1
a1861de1-5c85-458c-9029-0d6bebe55cc4,2026-01-11T15:53:49.466857Z,Kingport,777.31,777.31,1
a1da7c7a-9b88-46ed-bf4a-91857886f504,2026-01-11T15:53:50.654561Z,Rachaelburgh,1723.47,1723.47,1
a1f3a5bc-6580-44de-9bc0-04500ddf8da3,2026-01-11T15:53:53.016320Z,East Juanville,2554.78,2554.78,1
a24a7b89-3f22-4d74-a367-b5632f894e9b,2026-01-11T15:53:52.600432Z,South Sophia,2231.71,2231.71,1
a24eae81-da25-44f2-b800-da79fcd1c3b7,2026-01-11T15:53:54.328262Z,New Philipchester,3835.24,3835.24,1
a25f6026-9ef7-497f-9987-7296b42557ec,2026-01-11T15:53:57.279306Z,Wilkinsonview,6351.24,6351.24,1
a3bdd4d6-0a01-48b6-8ab6-3e0f3cfbc642,2026-01-11T15:53:49.785988Z,West Teresa,821.94,821.94,1
a41247a2-68e8-4311-9295-ea96487b25d7,2026-01-11T15:53:47.968144Z,Shortton,-5040.41,-5040.41,1
a44eb3e1-c5ba-436f-994e-d61a5d15c129,2026-01-11T15:53:50.698209Z,Nathanfurt,742.44,742.44,1
a5135ea0-fa53-434d-a6d5-901d8b621d41,2026-01-11T15:53:46.537799Z,Laurenville,1086.16,1086.16,1
a5448d55-13c7-4140-aa22-4efd65ef2c84,2026-01-11T15:53:50.754422Z,West David,1227.39,1227.39,1
a6ebb88c-7016-4105-a1c1-06e72f74b072,2026-01-11T15:53:53.586221Z,Meganstad,803.87,803.87,1
a6ffab6d-c133-4f02-8379-9d48ce35d5ea,2026-01-11T15:53:54.486776Z,Zavalamouth,486.62,486.62,1
a7669cee-ffba-431a-9be8-d3ef4b4788c1,2026-01-11T15:53:55.731107Z,North Michaelburgh,2012.29,2012.29,1
a7a581e8-6101-44f4-a322-6464ad6d84ef,2026-01-11T15:53:49.253164Z,Rowlandbury,3161.27,3161.27,1
a800d519-ca3d-41cc-b88a-a20e111b0acd,2026-01-11T15:53:51.785234Z,Samanthafort,4192.6,4192.6,1
a834f352-e972-4813-8a51-be9e766c46eb,2026-01-11T15:53:55.994159Z,Lake James,2034.2,2034.2,1
a848096e-d224-4ae5-b035-dec53b108cba,2026-01-11T15:53:54.233351Z,Nelsonton,-534.63,-534.63,1
a8499b92-6b52-42e3-94fc-dd549e8fc965,2026-01-11T15:53:46.241259Z,Ericside,1678.54,1678.54,1
a903ae67-fc56-4b53-a4ac-b722e0527739,2026-01-11T15:53:46.918204Z,Port Steven,-4954.45,-4954.45,1
a998a3ee-22a1-42b5-ba88-0cecfab8cd39,2026-01-11T15:53:53.357352Z,West Sharonberg,2458.98,2458.98,1
a9a19284-4bc4-4b44-b04c-c6bb1a040d33,2026-01-11T15:53:57.661310Z,North Elizabethville,104.39,104.39,1
a9d3c2e6-505c-4686-9f87-1ce75487fd4f,2026-01-11T15:53:46.287758Z,Floydmouth,-4769.05,-4769.05,1
aa51ca71-4381-45c7-8fb5-600a12d5e6b5,2026-01-11T15:53:57.687712Z,Cruzbury,3537.06,3537.06,1
ab1e26b7-5c4e-4ef2-a2d5-df3df3c352f7,2026-01-11T15:54:00.011451Z,Port Melissashire,1550.92,1550.92,1
ab30f1b1-bb4c-4947-8748-b576fe3a4f96,2026-01-11T15:53:50.494362Z,Wigginsbury,4429.26,4429.26,1
ab4d738c-7657-437c-9fc8-e06063629509,2026-01-11T15:53:49.947859Z,Ashleyfurt,909.71,909.71,1
abedb162-bde1-4274-b5d5-0ba8203b5f17,2026-01-11T15:53:59.998737Z,Port Crystal,-2681.05,-2681.05,1
ac1b984d-4b22-4d64-bd3e-1424782b76f4,2026-01-11T15:53:58.886137Z,Woodburgh,1256.88,1256.88,1
ad7eeff7-5660-4762-851b-986031e6a645,2026-01-11T15:53:48.339196Z,Lake Susanland,4353.64,4353.64,1
ae2917c1-84d4-45df-a8d6-514760f41905,2026-01-11T15:53:52.162579Z,Joshuachester,4987.5,4987.5,1
ae6b19de-faec-4b4c-8a24-0d57c42c40ce,2026-01-11T15:53:51.296837Z,Taylormouth,2038.67,2038.67,1
ae83606c-6d27-4712-b9b8-3ca914a50e55,2026-01-11T15:53:59.762795Z,Wagnerchester,239.75,239.75,1
af2c20ac-9539-42c0-9ea0-942c3f91c419,2026-01-11T15:53:48.828932Z,New Harryburgh,1184.91,1184.91,1
b11ba77e-0150-4dcb-a285-db4df7fb7406,2026-01-11T15:53:55.018139Z,Lake Jillville,684.47,684.47,1
b137d223-bbeb-414b-9156-26bb70e39ecb,2026-01-11T15:53:53.700494Z,Jacksontown,3867.68,3867.68,1
b1a7fe09-061a-4396-b167-28eef1758208,2026-01-11T15:53:51.452145Z,North Andrewton,-3426.87,-3426.87,1
b24beb96-c092-4b74-a6b0-7ff60fc79913,2026-01-11T15:53:47.344019Z,East Brad,1879.24,1879.24,1
b271115b-8af0-4ec3-8b72-6a7c8f1c3fa0,2026-01-11T15:53:47.954654Z,West Jennifer,308.38,308.38,1
b287b9a1-cedf-4af6-8b28-ac77f855ddab,2026-01-11T15:53:52.001556Z,Brittneyhaven,558.33,558.33,1
b2d515d1-8706-4724-bf83-f2d423de67fc,2026-01-11T15:53:49.880532Z,South Christine,5565.97,5565.97,1
b437e204-2adf-4df8-b86f-186af90a3610,2026-01-11T15:53:53.343945Z,East Andreaport,-1978.68,-1978.68,1
b517e8ef-db21-4e31-83c2-181f33c00b7d,2026-01-11T15:53:51.243178Z,Randyfurt,28.89,28.89,1
b5d84cae-b381-48b0-b8ca-4da701f098fc,2026-01-11T15:53:52.816662Z,Steventown,650.93,650.93,1
b5ed7ce8-2ddf-4675-9235-d52e16d7ba54,2026-01-11T15:53:49.934227Z,East Melissaport,5237.14,5237.14,1
b6305d90-2ffa-40f7-b50c-f7403a6f8411,2026-01-11T15:53:58.300338Z,Jamieland,4223.01,4223.01,1
b636cc4c-5170-4a8a-a00e-0b6064eec4c1,2026-01-11T15:53:48.273634Z,Hansonmouth,1191.05,1191.05,1
b69f5eab-b9ff-4c29-97d9-cbb0309e47ba,2026-01-11T15:53:47.420768Z,Robertmouth,1791.19,1791.19,1
b876a455-88b3-452d-845a-91b8a1726883,2026-01-11T15:53:47.846909Z,Port Justin,2684.76,2684.76,1
b928e23f-4ee4-434e-8e92-0136ac3a812f,2026-01-11T15:53:46.894026Z,Ricebury,4440.94,4440.94,1
ba1e47dc-3cdc-4310-812a-c33ffc29cf3c,2026-01-11T15:53:58.778266Z,Leslietown,4053.24,4053.24,1
ba4f4b03-2002-4d9f-85e9-f407daada0b1,2026-01-11T15:53:47.873064Z,Scottberg,4731.84,4731.84,1
ba72186e-b79a-4c86-8986-b3e47161c888,2026-01-11T15:53:52.707083Z,West Angela,-3713.03,-3713.03,1
ba751921-2833-48ea-9c94-563ae9365d1b,2026-01-11T15:53:48.976847Z,Cobbberg,900.05,900.05,1
ba885454-7497-4326-a157-45a0d658db7d,2026-01-11T15:53:54.523870Z,West Gregoryville,-2110.52,-2110.52,1
baa380fa-0743-4e60-8d49-01c969824369,2026-01-11T15:53:51.230088Z,Lake Richardfort,407.54,407.54,1
badc4599-9f7f-4e0c-bba7-9d058c7e2904,2026-01-11T15:53:48.045813Z,Hallfurt,-3226.63,-3226.63,1
bd3c83c3-6671-49de-bc0a-8f909b54d227,2026-01-11T15:53:49.521062Z,Batesbury,1690.63,1690.63,1
be5b8a92-33f8-457c-9b50-73c7e6dc9c76,2026-01-11T15:53:51.466485Z,Gravesview,863.7,863.7,1
beced21a-54c7-443b-a401-342a7f05fbf5,2026-01-11T15:53:47.303761Z,Garciafort,1003.99,1003.99,1
bf34d889-2653-4bd4-a9cc-aeb0a4a5308d,2026-01-11T15:53:52.681466Z,North Nicholastown,-620.31,-620.31,1
bf5eaf8e-7f12-43cd-b09a-96e3c00dec5e,2026-01-11T15:53:54.395821Z,Underwoodmouth,333.53,333.53,1
c0712a38-bffc-4f09-bf14-64b31a8a76f3,2026-01-11T15:53:50.000639Z,New Justin,2281.74,2281.74,1
c0ac1c00-af8e-46b2-acfb-f1736b4d3d1a,2026-01-11T15:53:49.321692Z,East Jamesfurt,2688.83,2688.83,1
c0ba22a4-7213-47cc-b896-17fa6493f5ef,2026-01-11T15:53:48.020376Z,East Charles,-483.5,-483.5,1
c163df1b-df32-4343-a562-f0a068127855,2026-01-11T15:53:51.810553Z,Hughesshire,5185.59,5185.59,1
c1b5b5ca-bc35-46df-94f7-9dbac5811d2d,2026-01-11T15:53:46.703044Z,Joshuastad,235.71,235.71,1
c1c97ab6-3ea6-45f6-80a4-00887dd7fc59,2026-01-11T15:53:50.903033Z,Scottbury,1246.5,1246.5,1
c2db6aab-fd41-4a05-833c-d4f2a7728290,2026-01-11T15:53:49.307802Z,West Sherry,636.26,636.26,1
c30b2db6-2095-4a69-a860-7a49ed09f7d7,2026-01-11T15:53:55.602459Z,Sanchezshire,336.85,336.85,1
c370f6e7-05de-4ead-a8ac-e558c81ee77d,2026-01-11T15:53:58.410297Z,Hernandezland,2167.78,2167.78,1
c3dc13a9-5f42-4eab-979f-5b273bf5337a,2026-01-11T15:53:54.473756Z,South Jameshaven,2740.41,2740.41,1
c447ee3f-0525-41b4-b73c-6a1fa06a7de4,2026-01-11T15:53:50.682946Z,West Jordan,3088.29,3088.29,1
c47112c9-9cd3-4fdd-bbb9-7c38c7ee168b,2026-01-11T15:53:58.126071Z,West Joshuaton,1860.46,1860.46,1
c4ca00d7-8a66-4e67-a4d4-d5a31bc2197e,2026-01-11T15:53:48.365063Z,Finleyfort,4811.78,4811.78,1
c4ea4ece-67b6-4467-9432-d79794f6c67a,2026-01-11T15:53:47.683735Z,Lake Jessica,2005.24,2005.24,1
c70c15e3-b51e-40dd-9ec2-322ff978d269,2026-01-11T15:53:49.651571Z,North Frederick,4412.25,4412.25,1
ca10b499-6802-4b3b-a4f9-54fcc44921b6,2026-01-11T15:53:48.788033Z,Gonzalezport,1420.92,1420.92,1
ca8733db-9a6b-4a29-bcbb-8f94ea3131cf,2026-01-11T15:53:54.940610Z,North Mark,2569.48,2569.48,1
cac5ebc7-9c18-47a3-9e2f-0318644a79cd,2026-01-11T15:53:52.388262Z,Matthewchester,107.24,107.24,1
cb3a6d96-d8d1-4ef1-a261-02575b5938ed,2026-01-11T15:53:55.233510Z,East Madison,-2487.96,-2487.96,1
cce3edb7-78fd-480c-9630-899b5edbf93e,2026-01-11T15:53:53.649375Z,East Jessicamouth,3563.91,3563.91,1
cd185ea5-1740-477b-9d52-210671e61fd1,2026-01-11T15:53:53.330983Z,Martinside,2679.05,2679.05,1
cd88e44e-23c4-4184-b48e-90aed680b541,2026-01-11T15:53:52.264030Z,South Kristenside,3564.98,3564.98,1
ce74ec56-db42-4295-95a2-b7e4351399ed,2026-01-11T15:53:54.537771Z,South Paige,406.95,406.95,1
ce908ee8-f657-49b2-a1de-ebef80b6d44f,2026-01-11T15:53:53.432706Z,Meganburgh,4081.58,4081.58,1
cfd6bb31-0fcc-4520-ac2d-e0bd8a02711e,2026-01-11T15:53:52.910803Z,Barberfurt,6418.7,6418.7,1
d02e4ccc-ae03-43a9-8dff-80fc34504da6,2026-01-11T15:53:54.799518Z,Johnsonfurt,1646.57,1646.57,1
d12e73a1-75f1-4fb8-a28a-11d12f45428a,2026-01-11T15:53:56.253868Z,Katelynbury,218.81,218.81,1
d1753cd1-dd69-4f6b-b6b3-5303c7195dd0,2026-01-11T15:53:49.586437Z,Brownshire,2026.4,2026.4,1
d1a7ba20-11b4-41e9-b15d-a72dd4cee27c,2026-01-11T15:53:47.029172Z,Lake Cheyenne,-1823.28,-1823.28,1
d1ad5c22-8088-47de-8e95-4929e58b2d2d,2026-01-11T15:53:49.987732Z,Port Maryland,1697.24,1697.24,1
d1c76cf1-35d3-4e5b-881f-ea11d36b06cd,2026-01-11T15:53:53.081259Z,Port Timothy,1356.25,1356.25,1
d21d637a-d504-482c-96d2-1f63623d45f4,2026-01-11T15:53:54.132987Z,New Alexanderville,267.91,267.91,1
d2704c62-ada4-45fd-b198-cd6ddf1ee6b3,2026-01-11T15:53:54.846425Z,Hamptonville,1189.02,1189.02,1
d2bda17d-c7f8-41f9-9c63-1e5212ad763a,2026-01-11T15:53:59.776462Z,Parkerville,-3759.83,-3759.83,1
d385d453-c7ea-4fd1-bf4f-38081a9d7acc,2026-01-11T15:53:51.216187Z,New Henry,3000.53,3000.53,1
d3c0d6c5-584e-4851-b2b1-58c745358d5a,2026-01-11T15:53:54.220574Z,Kiddtown,6025.41,6025.41,1
d44260d2-5f11-4839-9203-7fc25366e938,2026-01-11T15:53:50.416555Z,Lake Jessicafurt,-143.65,-143.65,1
d46b78f3-288c-41cc-8e92-b02181735a2a,2026-01-11T15:53:53.516301Z,Mendozamouth,-5043.63,-5043.63,1
d4ec0595-3ff0-4d13-add7-1599e9fedd48,2026-01-11T15:53:49.677754Z,Pamelaburgh,2881.52,2881.52,1
d5221c40-4b77-4f1c-8184-95a4b777dcb9,2026-01-11T15:53:51.002215Z,Mcleanville,4601.53,4601.53,1
d55273ef-b1a1-41c7-b810-be73c77a0940,2026-01-11T15:53:57.333357Z,South Lance,1793.98,1793.98,1
d5f0fb6a-4596-4a75-b4df-b83ff659f188,2026-01-11T15:53:47.512986Z,Alexanderhaven,1961.54,1961.54,1
d72abf11-8f41-4cf0-9995-98fb9eea7337,2026-01-11T15:53:53.623852Z,Joshuamouth,3216.83,3216.83,1
d7c8ccb8-af37-4fbe-acd3-13178874a1c5,2026-01-11T15:53:52.238618Z,Lake Lauren,3170.21,3170.21,1
d82c7565-4bb9-47ec-93c1-175427aa7cbc,2026-01-11T15:53:46.656581Z,Bishopmouth,1041.25,1041.25,1
d8b2f8b6-1c65-4aa2-863c-e21d24435958,2026-01-11T15:53:47.290720Z,Samanthabury,3693.05,3693.05,1
d8d9192e-900e-4426-951f-be65d0672972,2026-01-11T15:53:55.589756Z,Elizabethmouth,3847.73,3847.73,1
d91b1a04-bcca-4a38-9e30-614fcbf6aa23,2026-01-11T15:53:48.167260Z,Randyshire,1607.62,1607.62,1
d963dc72-05c8-434b-9d76-3a66b5f59cb0,2026-01-11T15:53:47.056670Z,New Cristianside,3198.23,3198.23,1
da1a9b09-d4c2-459b-bfac-0af77e2840a1,2026-01-11T15:53:51.131234Z,Robertberg,772.09,772.09,1
dbf5aafe-b67a-4c07-a3d3-4fb658a5802e,2026-01-11T15:53:53.977751Z,Wilsonshire,-435.9,-435.9,1
dc115b32-8ea0-4003-bacb-bc8b07a523cb,2026-01-11T15:53:57.224319Z,New Lisa,2757.64,2757.64,1
dc45d539-c03f-4538-a485-5aa1016b6287,2026-01-11T15:53:46.311920Z,Katiehaven,2706.57,2706.57,1
dc554e9c-0780-4bde-a77d-6af93d86c367,2026-01-11T15:53:56.216436Z,New Joseph,742.68,742.68,1
dc7639e5-8a79-4c75-ae20-6e6f7e460b4e,2026-01-11T15:53:54.563103Z,Cindyshire,2594.63,2594.63,1
de22f95d-3ad4-4204-8d01-47b0d342b587,2026-01-11T15:53:57.265899Z,East Richard,1261.09,1261.09,1
de23f191-aaf1-40f9-bb28-9bee3ebcc752,2026-01-11T15:53:54.460635Z,East Amyland,3738.12,3738.12,1
de72d970-10c4-4f9e-b020-321be90f4137,2026-01-11T15:53:48.712315Z,Garrettport,4509.07,4509.07,1
deba0297-41e1-4f65-a761-0e80f216880d,2026-01-11T15:53:49.798831Z,East Charlesbury,6177.44,6177.44,1
df6934a5-edf1-43c3-b148-985ac9a34d3b,2026-01-11T15:53:58.258092Z,West Dana,-2815.15,-2815.15,1
dfb48b5f-c2b3-4e09-bf10-1f156cea8e8a,2026-01-11T15:53:54.042368Z,Port Andrewshire,2251.33,2251.33,1
dfb5ff86-b06d-40d5-a6b0-7bc18b430745,2026-01-11T15:53:58.924401Z,Comptonstad,64.13,64.13,1
e05bc7ea-c0a1-4dbc-a95f-34ffbbe30fd2,2026-01-11T15:53:49.480009Z,South Ashleyborough,3430.12,3430.12,1
e081aabd-48b1-4785-992d-899e1e74d80a,2026-01-11T15:53:55.704908Z,Leland,1251.49,1251.49,1
e14b400f-d873-46e9-b262-188fdeafd27f,2026-01-11T15:53:53.055193Z,Jenniferside,983.58,983.58,1
e16b1b8c-e3ac-421a-b387-a60077391bee,2026-01-11T15:53:51.060759Z,Patriciashire,3015.07,3015.07,1
e182701b-2e3b-4b69-8c2d-0e27c370f2e2,2026-01-11T15:53:48.738205Z,Meganchester,788.5,788.5,1
e1b294de-4767-476c-962f-8a24ef43613c,2026-01-11T15:53:46.375174Z,Mcguireland,718.77,718.77,1
e1b3b9d1-f887-4c21-b69d-2be14bf91d08,2026-01-11T15:53:53.226717Z,New Brandon,-1712.69,-1712.69,1
e1e89e7e-2249-4f66-ae51-484d1b84edc3,2026-01-11T15:53:46.794103Z,Porterton,85.75,85.75,1
e1ebef9c-be60-408d-bcb3-90767688f76e,2026-01-11T15:53:52.720437Z,Wolffort,4355.78,4355.78,1
e1f85b33-9b2d-4a2a-99bd-6240a8535961,2026-01-11T15:53:47.564174Z,Jenniferstad,3632.1,3632.1,1
e233384e-315b-4176-a306-ac41cbf9c222,2026-01-11T15:53:55.273111Z,Markhaven,3745.87,3745.87,1
e2751ce6-78fd-4b16-8262-8a03be4543f4,2026-01-11T15:53:54.195363Z,Port Kevin,3759.79,3759.79,1
e3a6801e-01f8-4d79-81f9-b2041cdc2d08,2026-01-11T15:53:59.448427Z,Josephport,-6379.59,-6379.59,1
e3f9d5ff-9d74-421a-8a78-9cfd64986ec1,2026-01-11T15:53:56.902043Z,Lake Tylermouth,1646.17,1646.17,1
e597b225-101a-42f7-a87b-ac090b785ac8,2026-01-11T15:53:58.899011Z,Rebekahbury,1658.6,1658.6,1
e599bd3c-0bb8-4d38-9b37-ef19b3bc912f,2026-01-11T15:53:47.551147Z,Glassburgh,2147.25,2147.25,1
e59a5f4e-f8f2-48d0-aecf-4ff16f97e80c,2026-01-11T15:53:53.134590Z,West Angela,7219.46,7219.46,1
e59b9185-47e9-473e-8af7-e6544d5ca142,2026-01-11T15:53:57.159816Z,Ashleyshire,2806.38,2806.38,1
e604bfbe-83aa-422f-8772-df4a15b1c4a6,2026-01-11T15:53:49.691000Z,East Ralphmouth,3075.36,3075.36,1
e609bbbc-6bcc-4920-a9cd-b7164faadd5b,2026-01-11T15:53:58.464736Z,West Scottside,912.91,912.91,1
e61aa316-2148-4249-814e-7cc150278ec2,2026-01-11T15:53:53.304824Z,Dixonbury,938.13,938.13,1
e6bd4bbc-e3a0-4a3c-8c44-d60f8efe59c3,2026-01-11T15:53:51.976176Z,Robertfurt,-1268.31,-1268.31,1
e6f467b9-dd79-42fc-9b61-7a80a9f7c6d1,2026-01-11T15:53:50.182842Z,Peterchester,-593.28,-593.28,1
e8dab4dc-cecb-41f1-b655-1ac63879b941,2026-01-11T15:53:55.915732Z,New Robert,2918.85,2918.85,1
e8ea1605-ea36-4b09-8695-0cd28545ce6d,2026-01-11T15:53:55.718061Z,Patricktown,3985.53,3985.53,1
e8ec6834-9d09-4f19-a079-f65a4cc5b705,2026-01-11T15:53:53.278753Z,Hahnside,2377.85,2377.85,1
e9b2af2e-ef0d-44d7-a832-d652d5a28613,2026-01-11T15:53:52.100023Z,Spencerside,5180.62,5180.62,1
ea53a09d-5f2a-4b16-8384-907b3d117149,2026-01-11T15:53:55.049868Z,Evanstown,1353.03,1353.03,1
eac50d4b-9902-4ea3-ae19-e2b43c02f33f,2026-01-11T15:53:56.469547Z,Lake Jacob,2195.91,2195.91,1
eaedeed7-f06f-4b0f-89d9-bf732b589b3f,2026-01-11T15:53:50.481484Z,Lake Jasmineville,182.45,182.45,1
eb1bb47f-4726-4e7f-8c05-e009397bfdd7,2026-01-11T15:53:49.180614Z,West Marissa,1901.99,1901.99,1
eb4b3bd8-2f49-456a-9f5f-462353921935,2026-01-11T15:53:52.976618Z,Lake Carol,1341.24,1341.24,1
ebd23573-6012-424e-bc16-8418fd5baf20,2026-01-11T15:53:50.843564Z,Perezfurt,2275.05,2275.05,1
ebde34e7-05e7-4b68-8cf8-32b30a66c211,2026-01-11T15:53:54.273328Z,West Kathryn,2121.42,2121.42,1
ebf8e648-5e48-4c02-8f28-6cdb54d861dc,2026-01-11T15:53:55.446283Z,Debrafort,-349.67,-349.67,1
ec8566f0-282f-4aa6-b30f-8b28ecaf549e,2026-01-11T15:53:50.857472Z,Doughertymouth,2369.51,2369.51,1
ecb697a2-fe1b-43e9-bee1-dc6577a319c6,2026-01-11T15:53:50.390695Z,South Benjaminstad,-3509.83,-3509.83,1
ed82f05a-d064-4c38-bc20-dbe606d92835,2026-01-11T15:53:59.817982Z,Teresaland,2074.64,2074.64,1
ee519882-93ef-48c4-a9b1-2582c3545cd8,2026-01-11T15:53:54.813437Z,Ericborough,2575.25,2575.25,1
ef0b743e-bee0-4762-b168-bdec4da838b7,2026-01-11T15:53:48.085027Z,West Stephaniebury,1850.28,1850.28,1
f1043785-658b-4523-a014-1de9f54ad0a2,2026-01-11T15:53:46.362965Z,Marshallshire,35.73,35.73,1
f15a216f-0283-4424-9afb-e705bbf03f2c,2026-01-11T15:53:59.790810Z,Brownhaven,4682.61,4682.61,1
f167749b-010a-47af-85f4-ce56d4814780,2026-01-11T15:53:55.627738Z,Maryshire,1053.9,1053.9,1
f1eab64a-cbd4-41cc-aa7a-8c2161a1a29c,2026-01-11T15:53:47.615957Z,Lucasland,3837.07,3837.07,1
f2ae7fce-877a-41fc-9d9f-beb36207db63,2026-01-11T15:53:52.642457Z,Angelachester,412.43,412.43,1
f30ee4fe-262e-4559-be7d-9a19ab450578,2026-01-11T15:53:47.499659Z,Natalieland,3924.69,3924.69,1
f373057b-7bbf-4c61-a344-7f1d4efe5cf1,2026-01-11T15:53:55.420500Z,Lake Teresa,3960.9,3960.9,1
f38324f7-eddc-4c0a-9720-6c665fa18468,2026-01-11T15:53:48.870790Z,East Tammy,2387.22,2387.22,1
f3ac2f5e-1749-439d-af32-6af578cf536a,2026-01-11T15:53:50.871111Z,South Jennifer,2468.69,2468.69,1
f3b20598-a303-414f-a254-4d22944baabb,2026-01-11T15:53:52.440059Z,Gallaghertown,5077.23,5077.23,1
f4acc7e2-fa57-4cea-b957-134490a4a421,2026-01-11T15:53:47.525720Z,Powellbury,959.89,959.89,1
f4adfa22-ad02-45f5-9417-c2f9eb91731a,2026-01-11T15:53:47.820627Z,South Tiffany,-1010.24,-1010.24,1
f52a72c4-c1fb-4bf5-be8a-1072cf492a27,2026-01-11T15:53:52.187886Z,Santiagoshire,2094.26,2094.26,1
f6be5f8c-78aa-4c52-96ee-e772ad735097,2026-01-11T15:53:53.662200Z,Lake Joyce,-3079.92,-3079.92,1
f825a8bd-6b4c-4dac-9f93-b659a30ce666,2026-01-11T15:53:54.145612Z,Carlton,1118.63,1118.63,1
f83b88a8-9252-4d84-abcd-7ba35408c506,2026-01-11T15:53:57.346068Z,Roblesland,1011.36,1011.36,1
f9705e4b-2d71-4040-8554-e88b558492ba,2026-01-11T15:53:50.170041Z,Kingmouth,1520.99,1520.99,1
fa926f97-bd87-4f11-a1ca-afcd23a2f59c,2026-01-11T15:53:51.772395Z,New Jacobborough,1120.92,1120.92,1
fb3a3e15-ef19-40da-8a5f-cede7a23c1bc,2026-01-11T15:53:51.949800Z,Lake Kimberlyshire,3278.61,3278.61,1
fb9c7872-112b-4360-8ad2-7057c127cdfd,2026-01-11T15:53:51.924149Z,Darrellchester,1101.2,1101.2,1
fbf7ad20-6a7e-45d2-98fe-79a18da72e1a,2026-01-11T15:53:53.925186Z,Ryanshire,1961.11,1961.11,1
fcd123a0-828a-403e-9e9d-b47c4d70a2ea,2026-01-11T15:53:55.382332Z,Booneville,-3975.16,-3975.16,1
fd28a4d7-c5ce-445c-9558-fa31b24f59f9,2026-01-11T15:53:56.430677Z,Zacharyville,1343.78,1343.78,1
fdbf27b0-1991-4aee-9a20-efbe7e5824b5,2026-01-11T15:53:55.287506Z,Michelleview,5149.66,5149.66,1
fdcdd45c-53d3-4d79-b632-090ac22664f4,2026-01-11T15:53:52.374788Z,Lake Rebeccatown,1035.46,1035.46,1
fe4db9ea-6364-44e8-a3b0-e3da845eaab9,2026-01-11T15:53:53.029412Z,East Brianhaven,3244.35,3244.35,1
fe839021-4b96-4952-8847-feab673d383a,2026-01-11T15:53:55.078787Z,Reeseshire,1980.58,1980.58,1
fe9fecaa-6182-4347-933f-5a72b64fa54a,2026-01-11T15:53:46.561490Z,North Marieland,414.75,414.75,1
fea32c75-0f3e-40ba-aab6-af143ac3f6a9,2026-01-11T15:53:58.833035Z,Michaelhaven,3335.21,3335.21,1
